{"cameraMode":{"drawMode":0,"name":"Shaded","section":"Shading Mode"},"sceneLighting":true,"audioPlay":false,"sceneViewState":{"showFog":true,"showMaterialUpdate":false,"showSkybox":true,"showFlares":true,"showImageEffects":true,"showParticleSystems":true},"in2DMode":false,"pivot":{"x":83.13713073730469,"y":15.160262107849121,"z":21.942028045654298},"rotation":{"x":0.139186292886734,"y":-0.7990159392356873,"z":0.20266814529895783,"w":0.5487497448921204},"size":47.61233901977539,"orthographic":false}