{"cameraMode":{"drawMode":0,"name":"Shaded","section":"Shading Mode"},"sceneLighting":true,"audioPlay":false,"sceneViewState":{"showFog":true,"showMaterialUpdate":false,"showSkybox":true,"showFlares":true,"showImageEffects":true,"showParticleSystems":true},"in2DMode":false,"pivot":{"x":72.78155517578125,"y":10.37459945678711,"z":75.5767822265625},"rotation":{"x":-0.015573089942336083,"y":-0.04861118644475937,"z":-0.0007586366264149547,"w":0.9986960887908936},"size":81.22477722167969,"orthographic":false}